# name, ra, dec, radius
cygnus, 304.196300, 37.169200, 1.0
perseus, 38.4125, 61.4436, 1.0
s147, 84.9, 27.8586, 2
