# name, ra, dec, radius
cygnus, 304.196300, 37.169200, 1.0
perseus, 39.607500, 62.338100, 0.50
s147, 10 , 10 , 10
