# name, ra, dec, radius
cygnus, 304.196300, 37.169200, 1.0
perseus, 36.8667, 61.9294, 0.75
s147, 10 , 10 , 10
